[
    {"name": "Alice Johnson", "skills": ["AI", "Machine Learning", "Data Science"], "image": "/static/images/alice.jpg"},
    {"name": "Bob Smith", "skills": ["Marketing", "Business Growth", "Sales"], "image": "/static/images/bob.jpg"},
    {"name": "Charlie Brown", "skills": ["Finance", "Investment", "Stock Market"], "image": "/static/images/charlie.jpg"},
    {"name": "David Lee", "skills": ["AI", "Deep Learning", "Neural Networks"], "image": "/static/images/david.jpg"},
    {"name": "Emma Watson", "skills": ["Entrepreneurship", "Leadership", "Startups"], "image": "/static/images/emma.jpg"},
    {"name": "Franklin Harris", "skills": ["Cybersecurity", "Ethical Hacking", "Network Security"], "image": "/static/images/franklin.jpg"},
    {"name": "Grace Kelly", "skills": ["Web Development", "React.js", "Frontend Design"], "image": "/static/images/grace.jpg"},
    {"name": "Hector Gomez", "skills": ["Backend Development", "Node.js", "Databases"], "image": "/static/images/hector.jpg"},
    {"name": "Isabella Wong", "skills": ["Blockchain", "Cryptocurrency", "Smart Contracts"], "image": "/static/images/isabella.jpg"},
    {"name": "Jack Wilson", "skills": ["Cloud Computing", "AWS", "Azure"], "image": "/static/images/jack.jpg"},
    {"name": "Katherine Adams", "skills": ["Mobile App Development", "Android", "iOS"], "image": "/static/images/katherine.jpg"},
    {"name": "Liam Thompson", "skills": ["Game Development", "Unity", "C#"], "image": "/static/images/liam.jpg"},
    {"name": "Monica Patel", "skills": ["UI/UX Design", "Figma", "Prototyping"], "image": "/static/images/monica.jpg"},
    {"name": "Nathan Carter", "skills": ["SEO", "Digital Marketing", "Content Strategy"], "image": "/static/images/nathan.jpg"},
    {"name": "Olivia Davis", "skills": ["Data Analytics", "Power BI", "Tableau"], "image": "/static/images/olivia.jpg"},
    {"name": "Peter Chang", "skills": ["DevOps", "CI/CD", "Kubernetes"], "image": "/static/images/peter.jpg"},
    {"name": "Quentin Reed", "skills": ["AI", "NLP", "Chatbots"], "image": "/static/images/quentin.jpg"},
    {"name": "Rachel Green", "skills": ["HR Management", "Recruitment", "Workplace Culture"], "image": "/static/images/rachel.jpg"},
    {"name": "Samuel White", "skills": ["E-commerce", "Dropshipping", "Shopify"], "image": "/static/images/samuel.jpg"},
    {"name": "Tina Brown", "skills": ["Social Media Marketing", "Instagram Growth", "Branding"], "image": "/static/images/tina.jpg"},
    {"name": "Umar Ali", "skills": ["Big Data", "Hadoop", "Spark"], "image": "/static/images/umar.jpg"},
    {"name": "Victor Chen", "skills": ["Robotics", "Automation", "Embedded Systems"], "image": "/static/images/victor.jpg"},
    {"name": "William Baker", "skills": ["Software Engineering", "Python", "C++"], "image": "/static/images/william.jpg"},
    {"name": "Xavier Mendes", "skills": ["AR/VR Development", "Unity", "Unreal Engine"], "image": "/static/images/xavier.jpg"},
    {"name": "Yasmine Noor", "skills": ["Medical AI", "Healthcare Tech", "Bioinformatics"], "image": "/static/images/yasmine.jpg"},
    {"name": "Zane Roberts", "skills": ["Quantum Computing", "Cryptography", "Physics"], "image": "/static/images/zane.jpg"},
    {"name": "Sophia Liu", "skills": ["IoT", "Smart Devices", "Edge Computing"], "image": "/static/images/sophia.jpg"},
    {"name": "Brian Kim", "skills": ["Penetration Testing", "Network Forensics", "Cyber Law"], "image": "/static/images/brian.jpg"},
    {"name": "Diana Ross", "skills": ["Product Management", "Agile", "Scrum"], "image": "/static/images/diana.jpg"},
    {"name": "Ethan Parker", "skills": ["Autonomous Vehicles", "Lidar", "Computer Vision"], "image": "/static/images/ethan.jpg"},
    {"name": "Farah Malik", "skills": ["Quantum Computing", "Superconductors", "AI in Physics"], "image": "/static/images/farah.jpg"},
    {"name": "George Ivanov", "skills": ["Cybersecurity", "Zero Trust Architecture", "Ethical Hacking"], "image": "/static/images/george.jpg"},
    {"name": "Hannah Li", "skills": ["Cloud Security", "DevSecOps", "Infrastructure as Code"], "image": "/static/images/hannah.jpg"},
    {"name": "Ibrahim Khan", "skills": ["Cryptocurrency", "DeFi", "Smart Contract Auditing"], "image": "/static/images/ibrahim.jpg"},
    {"name": "Jessica Tan", "skills": ["Digital Marketing", "Influencer Growth", "Brand Strategy"], "image": "/static/images/jessica.jpg"},
    {"name": "Karl Meier", "skills": ["Machine Learning", "Reinforcement Learning", "AI Ethics"], "image": "/static/images/karl.jpg"},
    {"name": "Lucas Fernandez", "skills": ["3D Modeling", "Animation", "Game Art"], "image": "/static/images/lucas.jpg"},
    {"name": "Mia Sanchez", "skills": ["Video Editing", "Content Creation", "Adobe Premiere"], "image": "/static/images/mia.jpg"},
    {"name": "Noah Becker", "skills": ["Cyber Threat Intelligence", "Dark Web Analysis", "OSINT"], "image": "/static/images/noah.jpg"},
    {"name": "Olga Petrova", "skills": ["Bioinformatics", "Genome Analysis", "Drug Discovery"], "image": "/static/images/olga.jpg"},
    {"name": "Pranav Desai", "skills": ["IoT Security", "Smart Cities", "Wearable Tech"], "image": "/static/images/pranav.jpg"},
    {"name": "Qing Zhao", "skills": ["Voice Assistants", "Speech Recognition", "AI Voice Tech"], "image": "/static/images/qing.jpg"},
    {"name": "Ryan Foster", "skills": ["Drones", "Aerial Mapping", "Autonomous Flight"], "image": "/static/images/ryan.jpg"},
    {"name": "Samantha Brooks", "skills": ["Customer Experience", "Product Marketing", "Sales Strategies"], "image": "/static/images/samantha.jpg"},
    {"name": "Thomas Weber", "skills": ["AI in Finance", "Fraud Detection", "Risk Analysis"], "image": "/static/images/thomas.jpg"},
    {"name": "Uma Iyer", "skills": ["Environmental Tech", "AI for Sustainability", "Green Computing"], "image": "/static/images/uma.jpg"},
    {"name": "Vikram Choudhary", "skills": ["Edge AI", "TinyML", "Low-Power AI Systems"], "image": "/static/images/vikram.jpg"}
]

